,id,age,income,children,income_z,gender_FEMALE,gender_MALE,region_INNER_CITY,region_RURAL,region_SUBURBAN,region_TOWN,married_NO,married_YES,car_NO,car_YES,married_NO,married_YES,car_NO,car_YES,savings_acct_NO,savings_acct_YES,current_acct_NO,current_acct_YES,mortgage_NO,mortgage_YES,pep_NO,pep_YES
0,ID12101,48,17546.00,1,-0.77,1,0,1,0,0,0,1,0,1,0,1,0,1,0,1,0,1,0,1,0,0,1
1,ID12102,40,30085.10,3,0.20,0,1,0,0,0,1,0,1,0,1,0,1,0,1,1,0,0,1,0,1,1,0
2,ID12103,51,16575.40,0,-0.85,1,0,1,0,0,0,0,1,0,1,0,1,0,1,0,1,0,1,1,0,1,0
3,ID12104,23,20375.40,3,-0.55,1,0,0,0,0,1,0,1,1,0,0,1,1,0,1,0,0,1,1,0,1,0
4,ID12105,57,50576.30,0,1.79,1,0,0,1,0,0,0,1,1,0,0,1,1,0,0,1,1,0,1,0,1,0
5,ID12106,57,37869.60,2,0.80,1,0,0,0,0,1,0,1,1,0,0,1,1,0,0,1,0,1,1,0,0,1
6,ID12107,22,8877.07,0,-1.45,0,1,0,1,0,0,1,0,1,0,1,0,1,0,1,0,0,1,1,0,0,1
7,ID12108,58,24946.60,0,-0.20,0,1,0,0,0,1,0,1,0,1,0,1,0,1,0,1,0,1,1,0,1,0
8,ID12109,37,25304.30,2,-0.17,1,0,0,0,1,0,0,1,0,1,0,1,0,1,1,0,1,0,1,0,1,0
9,ID12110,54,24212.10,2,-0.26,0,1,0,0,0,1,0,1,0,1,0,1,0,1,0,1,0,1,1,0,1,0
10,ID12111,66,59803.90,0,2.50,1,0,0,0,0,1,0,1,1,0,0,1,1,0,0,1,0,1,1,0,1,0
11,ID12112,52,26658.80,0,-0.07,1,0,1,0,0,0,1,0,0,1,1,0,0,1,0,1,0,1,0,1,1,0
12,ID12113,44,15735.80,1,-0.91,1,0,0,0,0,1,0,1,1,0,0,1,1,0,0,1,0,1,0,1,0,1
13,ID12114,66,55204.70,1,2.15,1,0,0,0,0,1,0,1,0,1,0,1,0,1,0,1,0,1,0,1,0,1
14,ID12115,36,19474.60,0,-0.62,0,1,0,1,0,0,0,1,1,0,0,1,1,0,0,1,0,1,0,1,1,0
15,ID12116,38,22342.10,0,-0.40,1,0,1,0,0,0,0,1,0,1,0,1,0,1,0,1,0,1,0,1,1,0
16,ID12117,37,17729.80,2,-0.76,1,0,0,0,0,1,0,1,1,0,0,1,1,0,1,0,1,0,0,1,1,0
17,ID12118,46,41016.00,0,1.05,1,0,0,0,1,0,0,1,1,0,0,1,1,0,0,1,1,0,0,1,1,0
18,ID12119,62,26909.20,0,-0.05,1,0,1,0,0,0,0,1,1,0,0,1,1,0,0,1,1,0,1,0,0,1
19,ID12120,31,22522.80,0,-0.39,0,1,0,0,0,1,0,1,0,1,0,1,0,1,0,1,0,1,1,0,1,0
20,ID12121,61,57880.70,2,2.35,0,1,1,0,0,0,0,1,1,0,0,1,1,0,0,1,1,0,1,0,0,1
21,ID12122,50,16497.30,2,-0.85,0,1,0,0,0,1,0,1,1,0,0,1,1,0,0,1,0,1,1,0,1,0
22,ID12123,54,38446.60,0,0.85,0,1,1,0,0,0,0,1,1,0,0,1,1,0,0,1,0,1,1,0,1,0
23,ID12124,27,15538.80,0,-0.93,1,0,0,0,0,1,1,0,0,1,1,0,0,1,0,1,0,1,0,1,1,0
24,ID12125,22,12640.30,2,-1.15,0,1,1,0,0,0,1,0,0,1,1,0,0,1,0,1,0,1,1,0,1,0
25,ID12126,56,41034.00,0,1.05,0,1,1,0,0,0,0,1,0,1,0,1,0,1,0,1,0,1,0,1,1,0
26,ID12127,45,20809.70,0,-0.52,0,1,1,0,0,0,0,1,1,0,0,1,1,0,0,1,0,1,0,1,1,0
27,ID12128,39,20114.00,1,-0.57,1,0,0,0,0,1,0,1,1,0,0,1,1,0,1,0,0,1,1,0,0,1
28,ID12129,39,29359.10,3,0.14,1,0,1,0,0,0,1,0,0,1,1,0,0,1,1,0,0,1,0,1,1,0
29,ID12130,61,24270.10,1,-0.25,0,1,0,1,0,0,0,1,1,0,0,1,1,0,1,0,0,1,1,0,0,1
30,ID12131,61,22942.90,2,-0.36,1,0,0,1,0,0,0,1,1,0,0,1,1,0,0,1,0,1,1,0,1,0
31,ID12132,20,16325.80,2,-0.87,1,0,0,0,0,1,0,1,1,0,0,1,1,0,0,1,1,0,1,0,1,0
32,ID12133,45,23443.20,1,-0.32,0,1,0,0,1,0,0,1,0,1,0,1,0,1,0,1,0,1,1,0,0,1
33,ID12134,33,29921.30,3,0.19,1,0,1,0,0,0,1,0,0,1,1,0,0,1,0,1,1,0,1,0,1,0
34,ID12135,43,37521.90,0,0.78,0,1,0,0,1,0,1,0,1,0,1,0,1,0,0,1,0,1,1,0,0,1
35,ID12136,27,19868.00,2,-0.59,1,0,1,0,0,0,0,1,1,0,0,1,1,0,0,1,0,1,1,0,1,0
36,ID12137,19,10953.00,3,-1.28,0,1,0,1,0,0,0,1,0,1,0,1,0,1,0,1,0,1,1,0,1,0
37,ID12138,36,13381.00,0,-1.10,1,0,0,1,0,0,1,0,0,1,1,0,0,1,1,0,0,1,1,0,0,1
38,ID12139,43,18504.30,0,-0.70,1,0,0,0,0,1,0,1,0,1,0,1,0,1,0,1,0,1,1,0,1,0
39,ID12140,66,25391.50,2,-0.17,1,0,0,0,1,0,1,0,1,0,1,0,1,0,1,0,0,1,1,0,1,0
40,ID12141,55,26774.20,0,-0.06,0,1,0,0,0,1,0,1,1,0,0,1,1,0,1,0,0,1,0,1,0,1
41,ID12142,47,26952.60,0,-0.04,1,0,1,0,0,0,0,1,0,1,0,1,0,1,1,0,0,1,1,0,1,0
42,ID12143,67,55716.50,2,2.19,0,1,0,0,0,1,1,0,0,1,1,0,0,1,0,1,1,0,1,0,0,1
43,ID12144,32,27571.50,0,0.00,1,0,0,0,0,1,0,1,0,1,0,1,0,1,1,0,0,1,0,1,1,0
44,ID12145,20,13740.00,2,-1.07,0,1,1,0,0,0,1,0,0,1,1,0,0,1,0,1,0,1,0,1,1,0
45,ID12146,64,52670.60,2,1.95,0,1,1,0,0,0,0,1,1,0,0,1,1,0,0,1,0,1,0,1,0,1
46,ID12147,50,13283.90,1,-1.10,1,0,1,0,0,0,1,0,0,1,1,0,0,1,0,1,0,1,1,0,0,1
47,ID12148,29,13106.60,2,-1.12,0,1,1,0,0,0,1,0,1,0,1,0,1,0,0,1,0,1,0,1,0,1
48,ID12149,52,39547.80,2,0.93,0,1,1,0,0,0,1,0,0,1,1,0,0,1,1,0,0,1,1,0,0,1
49,ID12150,47,17867.30,2,-0.75,1,0,0,1,0,0,0,1,0,1,0,1,0,1,0,1,1,0,1,0,1,0
50,ID12151,24,14309.70,2,-1.02,0,1,0,0,0,1,1,0,0,1,1,0,0,1,0,1,1,0,1,0,1,0
51,ID12152,36,23894.80,0,-0.28,0,1,0,0,0,1,0,1,1,0,0,1,1,0,1,0,1,0,1,0,1,0
52,ID12153,43,16259.70,1,-0.87,0,1,0,0,0,1,0,1,1,0,0,1,1,0,0,1,0,1,1,0,0,1
53,ID12154,48,29794.10,1,0.18,0,1,0,0,1,0,1,0,1,0,1,0,1,0,0,1,0,1,1,0,0,1
54,ID12155,63,56842.50,0,2.27,0,1,0,0,0,1,0,1,1,0,0,1,1,0,0,1,0,1,0,1,1,0
55,ID12156,52,47835.80,3,1.57,1,0,0,1,0,0,1,0,1,0,1,0,1,0,0,1,1,0,1,0,0,1
56,ID12157,58,24977.50,0,-0.20,1,0,1,0,0,0,1,0,1,0,1,0,1,0,1,0,0,1,1,0,0,1
57,ID12158,28,23124.90,0,-0.34,0,1,1,0,0,0,0,1,1,0,0,1,1,0,0,1,0,1,1,0,0,1
58,ID12159,29,15143.80,0,-0.96,1,0,1,0,0,0,0,1,1,0,0,1,1,0,1,0,0,1,1,0,1,0
59,ID12160,34,25334.30,1,-0.17,0,1,1,0,0,0,1,0,0,1,1,0,0,1,0,1,0,1,0,1,0,1
60,ID12161,42,24763.30,1,-0.21,1,0,1,0,0,0,0,1,1,0,0,1,1,0,0,1,0,1,0,1,0,1
61,ID12162,65,36589.00,1,0.70,1,0,1,0,0,0,1,0,0,1,1,0,0,1,1,0,0,1,1,0,0,1
62,ID12163,47,27022.60,2,-0.04,0,1,1,0,0,0,0,1,1,0,0,1,1,0,0,1,0,1,1,0,1,0
63,ID12164,20,11700.40,0,-1.23,0,1,1,0,0,0,0,1,1,0,0,1,1,0,0,1,1,0,1,0,1,0
64,ID12165,21,5014.21,0,-1.75,0,1,0,0,0,1,1,0,0,1,1,0,0,1,0,1,0,1,0,1,1,0
65,ID12166,42,17390.10,0,-0.79,0,1,1,0,0,0,0,1,1,0,0,1,1,0,0,1,0,1,1,0,1,0
66,ID12167,19,10861.00,2,-1.29,0,1,0,0,0,1,1,0,1,0,1,0,1,0,0,1,0,1,1,0,1,0
67,ID12168,41,34892.90,0,0.57,1,0,0,0,0,1,1,0,1,0,1,0,1,0,0,1,0,1,0,1,1,0
68,ID12169,30,19403.10,2,-0.63,0,1,0,0,0,1,1,0,1,0,1,0,1,0,0,1,0,1,1,0,1,0
69,ID12170,31,10441.90,2,-1.32,1,0,0,1,0,0,0,1,1,0,0,1,1,0,1,0,0,1,1,0,0,1
70,ID12171,25,14064.90,3,-1.04,0,1,1,0,0,0,0,1,0,1,0,1,0,1,0,1,0,1,1,0,1,0
71,ID12172,21,8062.73,0,-1.51,0,1,1,0,0,0,1,0,1,0,1,0,1,0,1,0,0,1,1,0,0,1
72,ID12173,36,31982.00,3,0.35,0,1,1,0,0,0,0,1,0,1,0,1,0,1,0,1,0,1,0,1,0,1
73,ID12174,58,23197.50,2,-0.34,1,0,1,0,0,0,0,1,1,0,0,1,1,0,0,1,1,0,0,1,1,0
74,ID12175,64,52674.00,2,1.95,1,0,1,0,0,0,1,0,0,1,1,0,0,1,0,1,0,1,1,0,0,1
75,ID12176,59,35610.50,2,0.63,1,0,0,1,0,0,1,0,0,1,1,0,0,1,1,0,1,0,1,0,0,1
76,ID12177,45,26948.00,0,-0.04,1,0,0,0,0,1,1,0,1,0,1,0,1,0,0,1,0,1,0,1,1,0
77,ID12178,61,49456.70,1,1.70,0,1,1,0,0,0,0,1,0,1,0,1,0,1,0,1,0,1,0,1,0,1
78,ID12179,30,14724.50,0,-0.99,1,0,1,0,0,0,0,1,0,1,0,1,0,1,1,0,0,1,1,0,1,0
79,ID12180,58,34524.90,2,0.54,1,0,0,0,0,1,0,1,0,1,0,1,0,1,0,1,1,0,1,0,0,1
80,ID12181,50,22052.10,3,-0.42,1,0,0,0,0,1,1,0,1,0,1,0,1,0,0,1,0,1,1,0,0,1
81,ID12182,30,27808.10,3,0.02,0,1,1,0,0,0,1,0,1,0,1,0,1,0,1,0,0,1,1,0,1,0
82,ID12183,29,12591.40,1,-1.16,1,0,1,0,0,0,0,1,1,0,0,1,1,0,0,1,0,1,1,0,1,0
83,ID12184,35,16394.40,1,-0.86,0,1,1,0,0,0,0,1,1,0,0,1,1,0,0,1,0,1,1,0,0,1
84,ID12185,62,24026.10,0,-0.27,0,1,1,0,0,0,0,1,1,0,0,1,1,0,1,0,0,1,0,1,0,1
85,ID12186,36,31683.10,1,0.32,0,1,1,0,0,0,0,1,0,1,0,1,0,1,0,1,0,1,1,0,0,1
86,ID12187,25,15525.00,0,-0.93,1,0,1,0,0,0,0,1,1,0,0,1,1,0,0,1,0,1,1,0,1,0
87,ID12188,66,22562.20,0,-0.38,1,0,0,0,0,1,1,0,0,1,1,0,0,1,0,1,0,1,0,1,1,0
88,ID12189,30,15848.70,0,-0.91,0,1,0,0,1,0,0,1,0,1,0,1,0,1,0,1,1,0,0,1,1,0
89,ID12190,54,31095.60,2,0.28,1,0,1,0,0,0,0,1,1,0,0,1,1,0,1,0,0,1,1,0,0,1
90,ID12191,37,24814.50,1,-0.21,0,1,0,0,0,1,0,1,0,1,0,1,0,1,1,0,0,1,0,1,0,1
91,ID12192,28,25429.30,2,-0.16,1,0,1,0,0,0,1,0,1,0,1,0,1,0,0,1,0,1,0,1,1,0
92,ID12193,53,34866.50,0,0.57,1,0,0,1,0,0,1,0,1,0,1,0,1,0,1,0,0,1,1,0,0,1
93,ID12194,61,42579.10,2,1.17,0,1,1,0,0,0,0,1,0,1,0,1,0,1,0,1,0,1,1,0,1,0
94,ID12195,61,41127.40,0,1.05,1,0,1,0,0,0,0,1,0,1,0,1,0,1,0,1,1,0,1,0,1,0
95,ID12196,18,9990.11,0,-1.36,1,0,1,0,0,0,0,1,1,0,0,1,1,0,0,1,0,1,1,0,1,0
96,ID12197,22,7948.62,1,-1.52,0,1,1,0,0,0,0,1,1,0,0,1,1,0,1,0,1,0,0,1,1,0
97,ID12198,34,30870.80,2,0.26,0,1,0,0,0,1,0,1,0,1,0,1,0,1,0,1,0,1,0,1,0,1
98,ID12199,35,12125.80,2,-1.19,1,0,1,0,0,0,1,0,1,0,1,0,1,0,0,1,0,1,1,0,1,0
99,ID12200,18,15348.90,0,-0.94,1,0,0,1,0,0,0,1,0,1,0,1,0,1,1,0,0,1,1,0,1,0
100,ID12201,54,26707.90,1,-0.06,0,1,1,0,0,0,0,1,1,0,0,1,1,0,0,1,0,1,0,1,0,1
101,ID12202,27,11604.40,2,-1.23,1,0,1,0,0,0,0,1,0,1,0,1,0,1,0,1,0,1,1,0,1,0
102,ID12203,42,15499.90,0,-0.93,0,1,1,0,0,0,0,1,0,1,0,1,0,1,1,0,0,1,0,1,0,1
103,ID12204,43,33088.50,0,0.43,0,1,0,0,0,1,1,0,1,0,1,0,1,0,0,1,0,1,0,1,1,0
104,ID12205,64,34513.60,1,0.54,1,0,1,0,0,0,0,1,1,0,0,1,1,0,0,1,0,1,1,0,0,1
105,ID12206,43,32395.50,3,0.38,0,1,0,0,0,1,0,1,0,1,0,1,0,1,0,1,0,1,1,0,1,0
106,ID12207,49,46633.00,0,1.48,0,1,0,1,0,0,0,1,0,1,0,1,0,1,0,1,1,0,1,0,1,0
107,ID12208,23,13039.90,0,-1.12,0,1,1,0,0,0,0,1,1,0,0,1,1,0,1,0,0,1,1,0,1,0
108,ID12209,23,12681.90,0,-1.15,0,1,1,0,0,0,1,0,1,0,1,0,1,0,0,1,0,1,1,0,0,1
109,ID12210,30,24031.50,2,-0.27,1,0,1,0,0,0,0,1,0,1,0,1,0,1,0,1,0,1,0,1,1,0
110,ID12211,36,37330.50,2,0.76,0,1,0,0,0,1,1,0,1,0,1,0,1,0,0,1,0,1,1,0,0,1
111,ID12212,34,25333.20,3,-0.17,0,1,1,0,0,0,0,1,0,1,0,1,0,1,1,0,1,0,0,1,1,0
112,ID12213,51,37094.20,0,0.74,1,0,1,0,0,0,0,1,0,1,0,1,0,1,1,0,0,1,1,0,1,0
113,ID12214,36,33630.60,2,0.47,0,1,0,0,0,1,1,0,0,1,1,0,0,1,0,1,0,1,1,0,0,1
114,ID12215,56,43228.20,1,1.22,0,1,1,0,0,0,0,1,0,1,0,1,0,1,0,1,0,1,1,0,0,1
115,ID12216,54,47796.80,0,1.57,1,0,1,0,0,0,0,1,1,0,0,1,1,0,0,1,0,1,1,0,1,0
116,ID12217,56,21730.30,2,-0.45,1,0,0,0,0,1,0,1,1,0,0,1,1,0,0,1,1,0,1,0,1,0
117,ID12218,26,10044.10,3,-1.36,0,1,1,0,0,0,0,1,1,0,0,1,1,0,0,1,0,1,0,1,1,0
118,ID12219,39,17270.10,0,-0.79,0,1,0,0,0,1,1,0,0,1,1,0,0,1,1,0,1,0,1,0,0,1
119,ID12220,64,45765.00,3,1.41,1,0,0,1,0,0,0,1,0,1,0,1,0,1,0,1,0,1,1,0,0,1
120,ID12221,46,29525.50,2,0.16,0,1,0,1,0,0,1,0,1,0,1,0,1,0,0,1,1,0,0,1,1,0
121,ID12222,62,54863.80,1,2.12,1,0,0,1,0,0,0,1,0,1,0,1,0,1,0,1,0,1,1,0,0,1
122,ID12223,36,20799.00,1,-0.52,1,0,0,0,0,1,0,1,1,0,0,1,1,0,0,1,1,0,0,1,0,1
123,ID12224,35,33028.30,1,0.43,1,0,0,1,0,0,1,0,1,0,1,0,1,0,0,1,0,1,1,0,0,1
124,ID12225,47,45031.90,3,1.36,0,1,0,1,0,0,1,0,0,1,1,0,0,1,0,1,1,0,1,0,0,1
125,ID12226,47,39010.80,2,0.89,0,1,1,0,0,0,0,1,1,0,0,1,1,0,1,0,0,1,1,0,0,1
126,ID12227,37,25257.70,0,-0.18,1,0,0,0,0,1,0,1,0,1,0,1,0,1,0,1,0,1,1,0,1,0
127,ID12228,48,42603.90,0,1.17,1,0,1,0,0,0,0,1,1,0,0,1,1,0,0,1,0,1,1,0,1,0
128,ID12229,41,14092.70,3,-1.04,0,1,0,0,0,1,0,1,0,1,0,1,0,1,0,1,0,1,1,0,1,0
129,ID12230,27,21350.30,0,-0.48,1,0,0,1,0,0,1,0,0,1,1,0,0,1,0,1,0,1,1,0,0,1
130,ID12231,43,23246.40,2,-0.33,0,1,1,0,0,0,1,0,1,0,1,0,1,0,1,0,0,1,1,0,1,0
131,ID12232,61,41609.50,3,1.09,0,1,0,1,0,0,0,1,1,0,0,1,1,0,0,1,0,1,0,1,1,0
132,ID12233,52,16716.10,2,-0.84,1,0,0,0,1,0,1,0,0,1,1,0,0,1,0,1,0,1,1,0,1,0
133,ID12234,64,36436.40,0,0.69,1,0,0,0,1,0,0,1,0,1,0,1,0,1,1,0,0,1,1,0,1,0
134,ID12235,66,59503.80,2,2.48,1,0,0,0,0,1,0,1,0,1,0,1,0,1,0,1,0,1,0,1,0,1
135,ID12236,53,31334.80,1,0.30,1,0,0,0,0,1,0,1,0,1,0,1,0,1,0,1,0,1,1,0,0,1
136,ID12237,20,14048.90,2,-1.04,1,0,1,0,0,0,0,1,0,1,0,1,0,1,1,0,0,1,0,1,1,0
137,ID12238,57,39205.30,0,0.91,1,0,1,0,0,0,1,0,1,0,1,0,1,0,0,1,0,1,1,0,0,1
138,ID12239,65,42173.90,0,1.14,1,0,0,1,0,0,0,1,1,0,0,1,1,0,0,1,0,1,1,0,1,0
139,ID12240,64,55263.00,1,2.15,1,0,1,0,0,0,1,0,1,0,1,0,1,0,0,1,0,1,1,0,0,1
140,ID12241,52,37095.20,3,0.74,0,1,1,0,0,0,0,1,1,0,0,1,1,0,0,1,0,1,1,0,1,0
141,ID12242,47,22791.40,0,-0.37,1,0,1,0,0,0,0,1,1,0,0,1,1,0,1,0,0,1,1,0,1,0
142,ID12243,28,17240.60,1,-0.80,1,0,0,0,0,1,0,1,0,1,0,1,0,1,1,0,1,0,0,1,1,0
143,ID12244,64,48974.80,0,1.66,0,1,0,0,0,1,0,1,0,1,0,1,0,1,0,1,0,1,0,1,1,0
144,ID12245,25,18923.00,1,-0.67,0,1,1,0,0,0,0,1,1,0,0,1,1,0,0,1,0,1,1,0,0,1
145,ID12246,58,51204.20,0,1.84,0,1,0,0,1,0,0,1,1,0,0,1,1,0,0,1,1,0,0,1,0,1
146,ID12247,34,20236.20,2,-0.56,0,1,0,0,0,1,0,1,0,1,0,1,0,1,1,0,0,1,1,0,1,0
147,ID12248,20,18860.30,2,-0.67,1,0,1,0,0,0,1,0,1,0,1,0,1,0,0,1,0,1,1,0,1,0
148,ID12249,63,25732.50,0,-0.14,0,1,0,1,0,0,0,1,0,1,0,1,0,1,0,1,1,0,1,0,1,0
149,ID12250,30,28240.40,3,0.06,1,0,0,0,1,0,0,1,0,1,0,1,0,1,0,1,0,1,1,0,1,0
150,ID12251,53,28193.60,1,0.05,0,1,0,1,0,0,0,1,0,1,0,1,0,1,0,1,0,1,1,0,0,1
151,ID12252,43,36432.80,2,0.69,0,1,0,0,0,1,1,0,0,1,1,0,0,1,1,0,0,1,1,0,0,1
152,ID12253,63,54618.80,2,2.10,0,1,0,0,0,1,0,1,1,0,0,1,1,0,0,1,1,0,0,1,0,1
153,ID12254,33,24760.80,1,-0.21,0,1,1,0,0,0,0,1,1,0,0,1,1,0,0,1,0,1,0,1,0,1
154,ID12255,41,23356.10,2,-0.32,0,1,0,1,0,0,1,0,0,1,1,0,0,1,1,0,1,0,1,0,1,0
155,ID12256,20,8143.75,2,-1.50,1,0,0,0,1,0,0,1,1,0,0,1,1,0,0,1,0,1,1,0,0,1
156,ID12257,50,26462.50,0,-0.08,0,1,0,0,0,1,0,1,0,1,0,1,0,1,0,1,0,1,1,0,1,0
157,ID12258,24,20467.30,2,-0.55,0,1,0,1,0,0,0,1,0,1,0,1,0,1,0,1,0,1,1,0,1,0
158,ID12259,60,21506.20,0,-0.47,1,0,0,0,0,1,0,1,1,0,0,1,1,0,1,0,0,1,1,0,0,1
159,ID12260,44,15315.30,1,-0.95,1,0,0,0,0,1,0,1,1,0,0,1,1,0,0,1,0,1,1,0,0,1
160,ID12261,23,18875.70,2,-0.67,0,1,1,0,0,0,0,1,0,1,0,1,0,1,0,1,0,1,1,0,1,0
161,ID12262,40,12977.20,0,-1.13,1,0,1,0,0,0,0,1,1,0,0,1,1,0,1,0,1,0,1,0,1,0
162,ID12263,49,20708.50,3,-0.53,1,0,0,0,0,1,1,0,1,0,1,0,1,0,1,0,0,1,1,0,1,0
163,ID12264,21,7549.38,1,-1.55,1,0,0,0,0,1,1,0,0,1,1,0,0,1,1,0,0,1,1,0,1,0
164,ID12265,40,24904.00,0,-0.20,1,0,1,0,0,0,0,1,1,0,0,1,1,0,1,0,1,0,1,0,1,0
165,ID12266,26,24071.80,1,-0.27,0,1,0,1,0,0,0,1,1,0,0,1,1,0,1,0,0,1,0,1,0,1
166,ID12267,20,9589.91,1,-1.39,0,1,0,0,0,1,1,0,1,0,1,0,1,0,0,1,0,1,0,1,1,0
167,ID12268,24,8562.86,1,-1.47,0,1,1,0,0,0,1,0,1,0,1,0,1,0,1,0,1,0,0,1,1,0
168,ID12269,37,26707.50,0,-0.06,1,0,0,0,0,1,1,0,0,1,1,0,0,1,0,1,0,1,1,0,1,0
169,ID12270,56,34020.50,0,0.50,0,1,1,0,0,0,0,1,1,0,0,1,1,0,1,0,0,1,1,0,1,0
170,ID12271,52,49175.70,0,1.68,0,1,1,0,0,0,0,1,0,1,0,1,0,1,0,1,0,1,1,0,1,0
171,ID12272,22,19726.30,2,-0.60,0,1,1,0,0,0,0,1,1,0,0,1,1,0,1,0,0,1,1,0,1,0
172,ID12273,35,24346.60,3,-0.25,0,1,1,0,0,0,0,1,0,1,0,1,0,1,0,1,0,1,1,0,1,0
173,ID12274,34,26999.40,1,-0.04,0,1,0,1,0,0,0,1,0,1,0,1,0,1,0,1,0,1,1,0,0,1
174,ID12275,67,41558.10,2,1.09,1,0,0,0,0,1,0,1,1,0,0,1,1,0,0,1,0,1,1,0,0,1
175,ID12276,58,56340.30,0,2.23,1,0,1,0,0,0,1,0,1,0,1,0,1,0,0,1,0,1,1,0,0,1
176,ID12277,40,37558.50,0,0.78,0,1,0,0,0,1,0,1,0,1,0,1,0,1,0,1,0,1,1,0,1,0
177,ID12278,41,30099.30,0,0.20,1,0,1,0,0,0,0,1,0,1,0,1,0,1,0,1,0,1,0,1,0,1
178,ID12279,43,15254.80,0,-0.95,0,1,1,0,0,0,0,1,1,0,0,1,1,0,1,0,1,0,1,0,0,1
179,ID12280,63,36086.10,2,0.66,0,1,1,0,0,0,0,1,1,0,0,1,1,0,1,0,0,1,1,0,0,1
180,ID12281,22,17655.00,1,-0.77,1,0,1,0,0,0,0,1,1,0,0,1,1,0,0,1,0,1,0,1,0,1
181,ID12282,60,56658.90,0,2.26,0,1,0,1,0,0,1,0,1,0,1,0,1,0,0,1,0,1,1,0,0,1
182,ID12283,65,37706.50,0,0.79,1,0,1,0,0,0,1,0,0,1,1,0,0,1,0,1,0,1,0,1,1,0
183,ID12284,48,18516.00,2,-0.70,1,0,1,0,0,0,0,1,0,1,0,1,0,1,0,1,0,1,0,1,1,0
184,ID12285,38,29622.00,0,0.16,1,0,1,0,0,0,1,0,0,1,1,0,0,1,0,1,1,0,0,1,1,0
185,ID12286,49,32669.90,1,0.40,0,1,0,1,0,0,0,1,0,1,0,1,0,1,0,1,0,1,0,1,0,1
186,ID12287,20,18275.50,0,-0.72,1,0,1,0,0,0,0,1,1,0,0,1,1,0,1,0,1,0,0,1,0,1
187,ID12288,48,34410.00,1,0.53,1,0,0,0,0,1,0,1,1,0,0,1,1,0,1,0,0,1,1,0,0,1
188,ID12289,38,34866.90,2,0.57,0,1,1,0,0,0,0,1,0,1,0,1,0,1,1,0,0,1,0,1,1,0
189,ID12290,41,21796.60,0,-0.44,1,0,1,0,0,0,0,1,1,0,0,1,1,0,1,0,0,1,1,0,1,0
190,ID12291,67,63130.10,2,2.76,1,0,0,0,1,0,0,1,0,1,0,1,0,1,0,1,0,1,1,0,0,1
191,ID12292,39,14996.40,1,-0.97,0,1,1,0,0,0,0,1,0,1,0,1,0,1,0,1,1,0,1,0,1,0
192,ID12293,64,49024.90,3,1.67,1,0,0,1,0,0,0,1,1,0,0,1,1,0,0,1,0,1,1,0,0,1
193,ID12294,41,16249.80,0,-0.87,0,1,1,0,0,0,0,1,0,1,0,1,0,1,1,0,0,1,0,1,0,1
194,ID12295,55,36192.10,2,0.67,0,1,0,0,1,0,0,1,0,1,0,1,0,1,1,0,0,1,1,0,0,1
195,ID12296,52,17839.90,1,-0.75,0,1,1,0,0,0,0,1,1,0,0,1,1,0,0,1,1,0,0,1,0,1
196,ID12297,30,18802.40,0,-0.68,1,0,1,0,0,0,1,0,1,0,1,0,1,0,1,0,0,1,0,1,0,1
197,ID12298,52,48720.30,2,1.64,0,1,1,0,0,0,0,1,0,1,0,1,0,1,0,1,0,1,1,0,0,1
198,ID12299,26,14585.90,2,-1.00,0,1,1,0,0,0,1,0,1,0,1,0,1,0,1,0,0,1,0,1,1,0
199,ID12300,26,20819.00,0,-0.52,1,0,1,0,0,0,0,1,1,0,0,1,1,0,0,1,0,1,1,0,0,1
200,ID12301,46,26077.80,1,-0.11,0,1,0,0,0,1,0,1,0,1,0,1,0,1,0,1,0,1,1,0,0,1
201,ID12302,46,41627.10,0,1.09,1,0,0,0,0,1,0,1,1,0,0,1,1,0,0,1,0,1,0,1,1,0
202,ID12303,52,16977.30,0,-0.82,0,1,1,0,0,0,0,1,1,0,0,1,1,0,1,0,0,1,1,0,1,0
203,ID12304,37,19012.80,3,-0.66,0,1,1,0,0,0,1,0,0,1,1,0,0,1,1,0,0,1,1,0,1,0
204,ID12305,22,12764.80,1,-1.14,0,1,1,0,0,0,0,1,1,0,0,1,1,0,0,1,0,1,0,1,0,1
205,ID12306,18,14388.60,0,-1.02,0,1,1,0,0,0,1,0,0,1,1,0,0,1,1,0,0,1,0,1,0,1
206,ID12307,63,59409.10,0,2.47,0,1,1,0,0,0,1,0,0,1,1,0,0,1,0,1,0,1,1,0,0,1
207,ID12308,25,14960.20,0,-0.97,1,0,1,0,0,0,0,1,1,0,0,1,1,0,0,1,0,1,0,1,1,0
208,ID12309,67,39666.60,0,0.94,0,1,1,0,0,0,0,1,0,1,0,1,0,1,0,1,0,1,1,0,1,0
209,ID12310,27,20771.90,0,-0.52,0,1,1,0,0,0,1,0,1,0,1,0,1,0,0,1,1,0,1,0,0,1
210,ID12311,61,24474.10,0,-0.24,0,1,1,0,0,0,1,0,0,1,1,0,0,1,1,0,1,0,1,0,0,1
211,ID12312,58,33123.70,1,0.43,0,1,0,0,0,1,0,1,0,1,0,1,0,1,0,1,0,1,1,0,0,1
212,ID12313,22,14433.40,0,-1.01,0,1,1,0,0,0,0,1,0,1,0,1,0,1,0,1,0,1,1,0,0,1
213,ID12314,28,13175.50,1,-1.11,0,1,0,0,0,1,1,0,1,0,1,0,1,0,1,0,0,1,1,0,0,1
214,ID12315,23,9824.37,0,-1.37,0,1,1,0,0,0,0,1,1,0,0,1,1,0,0,1,0,1,1,0,1,0
215,ID12316,27,17610.30,0,-0.77,0,1,0,0,1,0,0,1,1,0,0,1,1,0,0,1,0,1,1,0,1,0
216,ID12317,27,15156.20,0,-0.96,1,0,0,0,1,0,0,1,0,1,0,1,0,1,1,0,0,1,1,0,1,0
217,ID12318,40,31774.10,3,0.33,1,0,1,0,0,0,0,1,0,1,0,1,0,1,0,1,0,1,0,1,1,0
218,ID12319,39,31693.50,0,0.32,0,1,0,0,0,1,1,0,0,1,1,0,0,1,0,1,1,0,1,0,0,1
219,ID12320,35,28598.70,0,0.08,1,0,1,0,0,0,0,1,0,1,0,1,0,1,0,1,0,1,1,0,1,0
220,ID12321,37,26261.70,2,-0.10,1,0,1,0,0,0,1,0,0,1,1,0,0,1,1,0,1,0,1,0,1,0
221,ID12322,47,42124.10,2,1.13,0,1,1,0,0,0,0,1,1,0,0,1,1,0,0,1,0,1,1,0,0,1
222,ID12323,42,39308.70,1,0.91,1,0,1,0,0,0,0,1,1,0,0,1,1,0,0,1,0,1,1,0,0,1
223,ID12324,67,43530.00,0,1.24,1,0,1,0,0,0,0,1,1,0,0,1,1,0,0,1,0,1,0,1,1,0
224,ID12325,57,49874.40,3,1.73,0,1,0,1,0,0,0,1,1,0,0,1,1,0,0,1,0,1,1,0,0,1
225,ID12326,47,27434.80,0,-0.01,1,0,0,1,0,0,1,0,0,1,1,0,0,1,0,1,0,1,1,0,0,1
226,ID12327,67,50474.60,2,1.78,0,1,1,0,0,0,0,1,0,1,0,1,0,1,0,1,0,1,1,0,0,1
227,ID12328,56,24888.20,0,-0.20,0,1,0,0,0,1,1,0,1,0,1,0,1,0,0,1,0,1,1,0,0,1
228,ID12329,37,28021.60,0,0.04,0,1,0,1,0,0,1,0,0,1,1,0,0,1,1,0,0,1,0,1,0,1
229,ID12330,27,12279.50,0,-1.18,0,1,1,0,0,0,1,0,0,1,1,0,0,1,1,0,1,0,1,0,0,1
230,ID12331,59,30189.40,0,0.21,1,0,1,0,0,0,0,1,0,1,0,1,0,1,1,0,0,1,0,1,0,1
231,ID12332,31,28969.40,1,0.11,0,1,1,0,0,0,1,0,1,0,1,0,1,0,1,0,0,1,0,1,1,0
232,ID12333,31,14058.50,0,-1.04,0,1,0,0,1,0,0,1,1,0,0,1,1,0,1,0,0,1,0,1,0,1
233,ID12334,32,30404.30,0,0.22,1,0,0,0,0,1,0,1,0,1,0,1,0,1,0,1,0,1,1,0,1,0
234,ID12335,57,41438.20,3,1.08,1,0,0,1,0,0,1,0,1,0,1,0,1,0,0,1,1,0,1,0,1,0
235,ID12336,49,16711.30,1,-0.84,1,0,1,0,0,0,1,0,1,0,1,0,1,0,0,1,0,1,0,1,0,1
236,ID12337,65,52255.90,2,1.92,0,1,0,0,0,1,1,0,0,1,1,0,0,1,0,1,0,1,1,0,0,1
237,ID12338,22,17866.90,2,-0.75,1,0,1,0,0,0,0,1,1,0,0,1,1,0,0,1,0,1,0,1,1,0
238,ID12339,26,18067.50,2,-0.73,1,0,0,1,0,0,0,1,1,0,0,1,1,0,0,1,1,0,1,0,1,0
239,ID12340,23,12823.70,0,-1.14,0,1,1,0,0,0,0,1,0,1,0,1,0,1,0,1,0,1,1,0,1,0
240,ID12341,26,11299.30,2,-1.26,1,0,0,1,0,0,0,1,0,1,0,1,0,1,1,0,1,0,1,0,1,0
241,ID12342,59,56031.10,0,2.21,1,0,1,0,0,0,1,0,0,1,1,0,0,1,0,1,0,1,1,0,0,1
242,ID12343,67,35263.50,1,0.60,0,1,1,0,0,0,0,1,0,1,0,1,0,1,0,1,0,1,1,0,0,1
243,ID12344,34,19968.10,0,-0.59,1,0,1,0,0,0,0,1,0,1,0,1,0,1,0,1,0,1,1,0,1,0
244,ID12345,50,27825.50,2,0.02,0,1,0,1,0,0,0,1,0,1,0,1,0,1,0,1,1,0,1,0,1,0
245,ID12346,46,37773.90,0,0.79,0,1,0,0,1,0,1,0,0,1,1,0,0,1,0,1,0,1,0,1,1,0
246,ID12347,23,7606.25,3,-1.54,1,0,1,0,0,0,1,0,0,1,1,0,0,1,1,0,1,0,1,0,1,0
247,ID12348,26,21384.40,0,-0.48,0,1,0,1,0,0,0,1,1,0,0,1,1,0,1,0,0,1,1,0,1,0
248,ID12349,40,20347.00,3,-0.56,0,1,0,0,0,1,0,1,1,0,0,1,1,0,0,1,0,1,1,0,1,0
249,ID12350,36,21332.30,3,-0.48,0,1,0,0,0,1,0,1,0,1,0,1,0,1,1,0,0,1,1,0,1,0
250,ID12351,65,57671.70,0,2.34,0,1,1,0,0,0,1,0,1,0,1,0,1,0,0,1,0,1,0,1,1,0
251,ID12352,45,36057.80,1,0.66,1,0,0,0,0,1,0,1,0,1,0,1,0,1,0,1,0,1,0,1,0,1
252,ID12353,23,14290.50,2,-1.03,0,1,1,0,0,0,0,1,1,0,0,1,1,0,1,0,0,1,0,1,1,0
253,ID12354,42,17882.90,1,-0.75,1,0,0,0,0,1,0,1,1,0,0,1,1,0,1,0,1,0,1,0,0,1
254,ID12355,21,10629.10,3,-1.31,1,0,0,1,0,0,1,0,1,0,1,0,1,0,0,1,0,1,0,1,1,0
255,ID12356,62,24262.80,0,-0.25,1,0,1,0,0,0,1,0,0,1,1,0,0,1,1,0,0,1,1,0,0,1
256,ID12357,49,26097.90,2,-0.11,1,0,0,0,1,0,1,0,1,0,1,0,1,0,0,1,0,1,1,0,1,0
257,ID12358,28,23371.00,2,-0.32,1,0,0,0,0,1,0,1,1,0,0,1,1,0,1,0,0,1,0,1,1,0
258,ID12359,38,21495.60,3,-0.47,1,0,0,0,0,1,1,0,1,0,1,0,1,0,1,0,0,1,0,1,1,0
259,ID12360,36,12166.90,0,-1.19,0,1,0,0,0,1,1,0,1,0,1,0,1,0,1,0,1,0,1,0,1,0
260,ID12361,22,17180.20,0,-0.80,0,1,0,0,1,0,0,1,1,0,0,1,1,0,0,1,0,1,1,0,1,0
261,ID12362,40,28882.30,1,0.11,1,0,0,0,0,1,0,1,1,0,0,1,1,0,0,1,0,1,0,1,0,1
262,ID12363,40,21612.20,0,-0.46,1,0,0,0,0,1,0,1,1,0,0,1,1,0,1,0,0,1,1,0,1,0
263,ID12364,60,46358.40,0,1.46,1,0,1,0,0,0,0,1,0,1,0,1,0,1,0,1,0,1,0,1,1,0
264,ID12365,23,19166.00,0,-0.65,0,1,1,0,0,0,1,0,0,1,1,0,0,1,0,1,1,0,1,0,0,1
265,ID12366,21,17921.80,1,-0.74,0,1,1,0,0,0,0,1,0,1,0,1,0,1,1,0,1,0,1,0,0,1
266,ID12367,58,33229.00,0,0.44,0,1,0,0,0,1,1,0,0,1,1,0,0,1,0,1,0,1,1,0,0,1
267,ID12368,48,30396.10,0,0.22,1,0,0,0,1,0,1,0,1,0,1,0,1,0,0,1,0,1,1,0,0,1
268,ID12369,63,34625.20,0,0.55,1,0,0,0,0,1,0,1,0,1,0,1,0,1,1,0,0,1,1,0,1,0
269,ID12370,20,16672.80,3,-0.84,0,1,0,0,0,1,1,0,0,1,1,0,0,1,1,0,0,1,0,1,1,0
270,ID12371,67,60747.50,2,2.58,1,0,0,0,1,0,1,0,1,0,1,0,1,0,0,1,0,1,0,1,0,1
271,ID12372,62,56394.30,0,2.24,1,0,1,0,0,0,1,0,0,1,1,0,0,1,0,1,0,1,1,0,0,1
272,ID12373,36,13236.40,0,-1.11,0,1,0,0,0,1,0,1,1,0,0,1,1,0,0,1,0,1,1,0,1,0
273,ID12374,31,28409.40,1,0.07,0,1,1,0,0,0,0,1,0,1,0,1,0,1,1,0,0,1,1,0,0,1
274,ID12375,42,27056.50,0,-0.04,1,0,1,0,0,0,0,1,0,1,0,1,0,1,0,1,0,1,1,0,1,0
275,ID12376,18,9362.58,0,-1.41,0,1,0,1,0,0,0,1,0,1,0,1,0,1,1,0,0,1,0,1,0,1
276,ID12377,46,28702.70,1,0.09,1,0,0,0,1,0,1,0,1,0,1,0,1,0,0,1,0,1,0,1,0,1
277,ID12378,25,22366.10,1,-0.40,0,1,0,0,0,1,0,1,0,1,0,1,0,1,0,1,0,1,1,0,0,1
278,ID12379,65,24477.50,0,-0.24,1,0,0,1,0,0,1,0,1,0,1,0,1,0,0,1,1,0,0,1,1,0
279,ID12380,40,36972.40,1,0.73,0,1,0,0,0,1,0,1,1,0,0,1,1,0,1,0,0,1,0,1,0,1
280,ID12381,32,22327.80,1,-0.40,0,1,1,0,0,0,0,1,1,0,0,1,1,0,1,0,1,0,1,0,0,1
281,ID12382,18,15610.20,0,-0.92,1,0,1,0,0,0,0,1,1,0,0,1,1,0,0,1,0,1,1,0,1,0
282,ID12383,64,54314.50,1,2.08,0,1,1,0,0,0,0,1,0,1,0,1,0,1,0,1,1,0,1,0,0,1
283,ID12384,43,39175.80,3,0.90,1,0,1,0,0,0,0,1,1,0,0,1,1,0,0,1,0,1,0,1,1,0
284,ID12385,22,13739.00,3,-1.07,1,0,1,0,0,0,0,1,1,0,0,1,1,0,0,1,0,1,1,0,1,0
285,ID12386,25,9485.84,0,-1.40,0,1,0,0,0,1,0,1,1,0,0,1,1,0,1,0,1,0,1,0,1,0
286,ID12387,39,24675.70,1,-0.22,0,1,1,0,0,0,0,1,0,1,0,1,0,1,0,1,0,1,0,1,0,1
287,ID12388,58,28253.60,3,0.06,1,0,1,0,0,0,0,1,1,0,0,1,1,0,1,0,0,1,1,0,1,0
288,ID12389,33,14136.50,1,-1.04,0,1,1,0,0,0,0,1,1,0,0,1,1,0,0,1,1,0,1,0,1,0
289,ID12390,52,37162.10,1,0.75,1,0,0,1,0,0,0,1,0,1,0,1,0,1,0,1,0,1,1,0,0,1
290,ID12391,23,13519.20,0,-1.09,0,1,1,0,0,0,1,0,1,0,1,0,1,0,0,1,0,1,1,0,0,1
291,ID12392,44,39253.60,0,0.91,1,0,1,0,0,0,1,0,0,1,1,0,0,1,0,1,1,0,1,0,0,1
292,ID12393,51,46323.80,2,1.46,0,1,0,1,0,0,0,1,0,1,0,1,0,1,0,1,0,1,0,1,0,1
293,ID12394,26,20950.70,0,-0.51,1,0,0,0,0,1,0,1,1,0,0,1,1,0,0,1,0,1,1,0,1,0
294,ID12395,42,22495.70,0,-0.39,0,1,0,0,0,1,0,1,1,0,0,1,1,0,0,1,1,0,0,1,1,0
295,ID12396,34,32548.90,0,0.39,0,1,0,0,0,1,0,1,0,1,0,1,0,1,0,1,0,1,0,1,1,0
296,ID12397,54,24583.40,2,-0.23,1,0,0,1,0,0,1,0,0,1,1,0,0,1,0,1,0,1,0,1,1,0
297,ID12398,18,8639.24,2,-1.46,0,1,0,1,0,0,0,1,1,0,0,1,1,0,1,0,1,0,1,0,1,0
298,ID12399,47,17139.50,2,-0.81,1,0,1,0,0,0,1,0,0,1,1,0,0,1,1,0,0,1,1,0,1,0
299,ID12400,24,13667.70,0,-1.07,1,0,1,0,0,0,0,1,1,0,0,1,1,0,0,1,0,1,1,0,1,0
300,ID12401,19,8162.42,1,-1.50,1,0,1,0,0,0,0,1,0,1,0,1,0,1,0,1,0,1,0,1,1,0
301,ID12402,37,15349.60,0,-0.94,1,0,0,0,0,1,0,1,1,0,0,1,1,0,0,1,1,0,1,0,1,0
302,ID12403,45,29231.40,0,0.13,1,0,0,0,0,1,0,1,1,0,0,1,1,0,0,1,1,0,1,0,1,0
303,ID12404,49,41462.30,3,1.08,0,1,0,1,0,0,0,1,1,0,0,1,1,0,0,1,0,1,0,1,1,0
304,ID12405,67,57398.10,3,2.32,1,0,0,1,0,0,1,0,1,0,1,0,1,0,0,1,0,1,1,0,0,1
305,ID12406,35,11520.80,0,-1.24,1,0,0,1,0,0,0,1,1,0,0,1,1,0,1,0,0,1,1,0,1,0
306,ID12407,63,52117.30,2,1.91,0,1,1,0,0,0,1,0,0,1,1,0,0,1,0,1,0,1,1,0,0,1
307,ID12408,38,26281.40,0,-0.10,0,1,0,1,0,0,1,0,0,1,1,0,0,1,0,1,0,1,1,0,0,1
308,ID12409,48,25683.40,2,-0.14,0,1,0,0,0,1,1,0,0,1,1,0,0,1,0,1,0,1,1,0,1,0
309,ID12410,28,11920.70,1,-1.21,1,0,1,0,0,0,1,0,1,0,1,0,1,0,0,1,0,1,1,0,1,0
310,ID12411,46,30658.70,0,0.24,0,1,0,0,0,1,0,1,1,0,0,1,1,0,0,1,0,1,1,0,1,0
311,ID12412,66,36646.40,1,0.71,0,1,1,0,0,0,1,0,1,0,1,0,1,0,0,1,0,1,1,0,0,1
312,ID12413,61,30760.40,2,0.25,1,0,0,0,0,1,1,0,0,1,1,0,0,1,1,0,0,1,1,0,0,1
313,ID12414,18,16109.90,2,-0.88,1,0,0,1,0,0,1,0,0,1,1,0,0,1,0,1,0,1,1,0,1,0
314,ID12415,54,18036.70,0,-0.74,1,0,0,0,0,1,0,1,0,1,0,1,0,1,0,1,1,0,1,0,1,0
315,ID12416,45,42628.30,0,1.17,0,1,0,1,0,0,1,0,0,1,1,0,0,1,0,1,0,1,0,1,1,0
316,ID12417,60,22110.10,2,-0.42,0,1,1,0,0,0,1,0,0,1,1,0,0,1,0,1,0,1,1,0,1,0
317,ID12418,45,37689.10,1,0.79,1,0,0,0,0,1,1,0,1,0,1,0,1,0,0,1,0,1,0,1,0,1
318,ID12419,31,23171.80,2,-0.34,1,0,1,0,0,0,1,0,1,0,1,0,1,0,0,1,1,0,1,0,1,0
319,ID12420,39,21951.30,0,-0.43,0,1,0,0,1,0,1,0,0,1,1,0,0,1,0,1,0,1,0,1,1,0
320,ID12421,53,38103.40,2,0.82,0,1,1,0,0,0,1,0,0,1,1,0,0,1,0,1,0,1,1,0,0,1
321,ID12422,35,22882.90,0,-0.36,0,1,0,1,0,0,0,1,0,1,0,1,0,1,1,0,1,0,0,1,0,1
322,ID12423,25,11043.70,1,-1.28,1,0,0,0,0,1,0,1,0,1,0,1,0,1,0,1,1,0,0,1,1,0
323,ID12424,32,24027.60,0,-0.27,0,1,0,0,0,1,1,0,1,0,1,0,1,0,0,1,0,1,1,0,0,1
324,ID12425,36,28495.10,0,0.08,0,1,0,0,1,0,0,1,1,0,0,1,1,0,0,1,0,1,1,0,1,0
325,ID12426,24,9465.21,0,-1.40,1,0,0,0,0,1,1,0,1,0,1,0,1,0,1,0,0,1,1,0,0,1
326,ID12427,39,34852.30,1,0.57,0,1,1,0,0,0,0,1,1,0,0,1,1,0,0,1,1,0,0,1,0,1
327,ID12428,24,21268.40,0,-0.48,0,1,1,0,0,0,0,1,1,0,0,1,1,0,1,0,0,1,0,1,0,1
328,ID12429,57,50849.20,1,1.81,1,0,0,1,0,0,1,0,1,0,1,0,1,0,0,1,1,0,0,1,0,1
329,ID12430,27,18555.90,3,-0.70,1,0,0,0,0,1,0,1,1,0,0,1,1,0,1,0,0,1,1,0,1,0
330,ID12431,66,52769.90,3,1.96,1,0,0,1,0,0,0,1,0,1,0,1,0,1,0,1,0,1,1,0,0,1
331,ID12432,18,11601.40,2,-1.23,1,0,1,0,0,0,0,1,1,0,0,1,1,0,0,1,0,1,0,1,1,0
332,ID12433,33,29541.70,0,0.16,1,0,0,0,0,1,0,1,1,0,0,1,1,0,0,1,1,0,1,0,1,0
333,ID12434,48,17861.00,2,-0.75,0,1,0,0,1,0,0,1,1,0,0,1,1,0,0,1,0,1,1,0,1,0
334,ID12435,23,21042.00,1,-0.50,1,0,0,0,1,0,0,1,1,0,0,1,1,0,1,0,0,1,1,0,0,1
335,ID12436,44,26688.10,1,-0.06,0,1,0,0,0,1,0,1,1,0,0,1,1,0,0,1,1,0,0,1,0,1
336,ID12437,39,26900.60,2,-0.05,0,1,1,0,0,0,0,1,1,0,0,1,1,0,1,0,1,0,0,1,1,0
337,ID12438,65,38080.90,1,0.82,0,1,1,0,0,0,0,1,0,1,0,1,0,1,0,1,1,0,0,1,1,0
338,ID12439,60,37554.10,2,0.78,0,1,0,0,1,0,0,1,0,1,0,1,0,1,0,1,0,1,0,1,0,1
339,ID12440,20,18184.60,0,-0.72,0,1,1,0,0,0,0,1,1,0,0,1,1,0,1,0,0,1,0,1,0,1
340,ID12441,45,28864.90,0,0.10,1,0,0,0,1,0,0,1,1,0,0,1,1,0,0,1,0,1,1,0,1,0
341,ID12442,66,48346.10,1,1.61,0,1,0,1,0,0,0,1,0,1,0,1,0,1,0,1,1,0,1,0,0,1
342,ID12443,64,53104.30,0,1.98,0,1,1,0,0,0,0,1,0,1,0,1,0,1,0,1,0,1,1,0,1,0
343,ID12444,51,19416.80,0,-0.63,1,0,1,0,0,0,0,1,1,0,0,1,1,0,0,1,0,1,1,0,1,0
344,ID12445,34,23638.10,2,-0.30,0,1,0,1,0,0,0,1,0,1,0,1,0,1,0,1,0,1,1,0,1,0
345,ID12446,65,42378.20,1,1.15,1,0,0,0,0,1,0,1,1,0,0,1,1,0,0,1,0,1,1,0,0,1
346,ID12447,50,39745.30,0,0.95,0,1,0,1,0,0,0,1,0,1,0,1,0,1,0,1,1,0,0,1,1,0
347,ID12448,66,45189.80,0,1.37,1,0,1,0,0,0,0,1,1,0,0,1,1,0,0,1,1,0,1,0,1,0
348,ID12449,63,37930.90,0,0.81,0,1,1,0,0,0,0,1,1,0,0,1,1,0,0,1,1,0,0,1,1,0
349,ID12450,53,24042.00,1,-0.27,1,0,1,0,0,0,1,0,1,0,1,0,1,0,1,0,0,1,1,0,0,1
350,ID12451,33,31207.10,0,0.29,1,0,1,0,0,0,1,0,0,1,1,0,0,1,1,0,0,1,0,1,0,1
351,ID12452,38,24424.30,0,-0.24,0,1,0,0,0,1,0,1,1,0,0,1,1,0,0,1,0,1,0,1,1,0
352,ID12453,56,24607.80,1,-0.23,1,0,0,1,0,0,1,0,1,0,1,0,1,0,0,1,0,1,0,1,1,0
353,ID12454,48,43057.00,1,1.20,0,1,0,0,0,1,1,0,0,1,1,0,0,1,0,1,0,1,1,0,0,1
354,ID12455,49,30198.50,0,0.21,1,0,0,0,1,0,0,1,0,1,0,1,0,1,1,0,0,1,0,1,0,1
355,ID12456,54,50186.10,2,1.76,1,0,0,1,0,0,0,1,1,0,0,1,1,0,0,1,0,1,0,1,0,1
356,ID12457,41,22916.10,0,-0.36,1,0,0,0,1,0,0,1,1,0,0,1,1,0,1,0,0,1,1,0,1,0
357,ID12458,19,9592.73,0,-1.39,0,1,0,1,0,0,1,0,1,0,1,0,1,0,0,1,0,1,1,0,0,1
358,ID12459,52,34253.60,3,0.52,1,0,1,0,0,0,1,0,0,1,1,0,0,1,1,0,0,1,1,0,1,0
359,ID12460,52,22792.30,1,-0.37,1,0,1,0,0,0,0,1,0,1,0,1,0,1,0,1,1,0,1,0,0,1
360,ID12461,64,51620.80,2,1.87,1,0,0,0,0,1,1,0,0,1,1,0,0,1,0,1,0,1,1,0,0,1
361,ID12462,56,19918.90,3,-0.59,0,1,0,0,0,1,0,1,1,0,0,1,1,0,0,1,0,1,0,1,1,0
362,ID12463,56,29625.10,2,0.16,0,1,0,0,0,1,0,1,1,0,0,1,1,0,1,0,0,1,1,0,1,0
363,ID12464,19,12549.00,0,-1.16,1,0,0,0,0,1,0,1,1,0,0,1,1,0,0,1,0,1,1,0,1,0
364,ID12465,56,51299.30,1,1.84,1,0,0,0,0,1,0,1,0,1,0,1,0,1,0,1,1,0,1,0,0,1
365,ID12466,27,17364.80,2,-0.79,0,1,1,0,0,0,0,1,0,1,0,1,0,1,0,1,1,0,1,0,0,1
366,ID12467,59,29866.90,1,0.18,1,0,1,0,0,0,1,0,0,1,1,0,0,1,1,0,0,1,1,0,0,1
367,ID12468,56,47750.20,0,1.57,0,1,1,0,0,0,0,1,0,1,0,1,0,1,0,1,0,1,0,1,1,0
368,ID12469,21,11281.50,0,-1.26,0,1,0,0,0,1,0,1,1,0,0,1,1,0,0,1,0,1,0,1,1,0
369,ID12470,64,34073.80,3,0.51,0,1,1,0,0,0,0,1,1,0,0,1,1,0,0,1,1,0,0,1,1,0
370,ID12471,62,46870.40,0,1.50,0,1,1,0,0,0,0,1,1,0,0,1,1,0,0,1,0,1,1,0,1,0
371,ID12472,44,38453.70,2,0.85,1,0,1,0,0,0,1,0,1,0,1,0,1,0,0,1,0,1,1,0,0,1
372,ID12473,24,7756.36,0,-1.53,1,0,1,0,0,0,1,0,1,0,1,0,1,0,1,0,1,0,1,0,0,1
373,ID12474,52,28413.80,0,0.07,1,0,1,0,0,0,0,1,1,0,0,1,1,0,1,0,0,1,1,0,1,0
374,ID12475,67,47198.60,2,1.53,1,0,0,0,1,0,0,1,1,0,0,1,1,0,0,1,0,1,1,0,0,1
375,ID12476,41,20866.30,0,-0.52,0,1,1,0,0,0,0,1,0,1,0,1,0,1,0,1,0,1,1,0,1,0
376,ID12477,58,33204.30,1,0.44,1,0,0,0,0,1,1,0,1,0,1,0,1,0,1,0,1,0,0,1,0,1
377,ID12478,40,24823.50,2,-0.21,0,1,1,0,0,0,1,0,1,0,1,0,1,0,1,0,0,1,1,0,1,0
378,ID12479,19,17986.80,0,-0.74,0,1,0,0,1,0,0,1,1,0,0,1,1,0,1,0,0,1,0,1,0,1
379,ID12480,20,9909.82,3,-1.37,1,0,1,0,0,0,0,1,1,0,0,1,1,0,1,0,0,1,1,0,1,0
380,ID12481,56,26542.80,0,-0.08,1,0,0,0,0,1,1,0,0,1,1,0,0,1,0,1,0,1,1,0,0,1
381,ID12482,46,32583.50,2,0.39,1,0,1,0,0,0,0,1,0,1,0,1,0,1,0,1,0,1,1,0,1,0
382,ID12483,30,14606.60,1,-1.00,0,1,1,0,0,0,0,1,1,0,0,1,1,0,1,0,0,1,1,0,1,0
383,ID12484,40,34836.80,1,0.57,1,0,0,0,0,1,0,1,0,1,0,1,0,1,0,1,0,1,1,0,0,1
384,ID12485,36,26920.80,0,-0.05,1,0,0,0,0,1,0,1,1,0,0,1,1,0,1,0,0,1,1,0,1,0
385,ID12486,57,38248.30,3,0.83,1,0,1,0,0,0,1,0,0,1,1,0,0,1,1,0,0,1,0,1,1,0
386,ID12487,49,15689.10,0,-0.92,0,1,1,0,0,0,1,0,1,0,1,0,1,0,1,0,0,1,1,0,1,0
387,ID12488,61,30157.70,1,0.20,0,1,1,0,0,0,1,0,0,1,1,0,0,1,1,0,1,0,1,0,0,1
388,ID12489,29,14642.20,0,-1.00,0,1,1,0,0,0,1,0,0,1,1,0,0,1,1,0,0,1,1,0,0,1
389,ID12490,48,15933.30,0,-0.90,1,0,1,0,0,0,0,1,1,0,0,1,1,0,0,1,1,0,1,0,1,0
390,ID12491,56,44288.30,0,1.30,1,0,1,0,0,0,0,1,1,0,0,1,1,0,0,1,0,1,1,0,1,0
391,ID12492,40,22197.10,0,-0.41,0,1,0,0,0,1,1,0,0,1,1,0,0,1,1,0,0,1,1,0,0,1
392,ID12493,58,38248.30,3,0.83,1,0,0,0,0,1,0,1,0,1,0,1,0,1,0,1,1,0,1,0,1,0
393,ID12494,60,22053.20,2,-0.42,1,0,1,0,0,0,0,1,0,1,0,1,0,1,0,1,1,0,0,1,1,0
394,ID12495,58,25468.50,0,-0.16,1,0,0,0,1,0,1,0,0,1,1,0,0,1,1,0,1,0,0,1,0,1
395,ID12496,67,23485.90,3,-0.31,1,0,0,0,0,1,0,1,0,1,0,1,0,1,1,0,1,0,0,1,1,0
396,ID12497,40,25768.60,0,-0.14,0,1,0,1,0,0,0,1,0,1,0,1,0,1,0,1,1,0,1,0,1,0
397,ID12498,48,34182.20,2,0.52,0,1,1,0,0,0,0,1,1,0,0,1,1,0,0,1,0,1,1,0,0,1
398,ID12499,64,57444.50,1,2.32,1,0,1,0,0,0,1,0,1,0,1,0,1,0,0,1,0,1,1,0,0,1
399,ID12500,43,38059.80,0,0.82,0,1,0,0,0,1,0,1,0,1,0,1,0,1,0,1,1,0,0,1,1,0
400,ID12501,34,19481.30,0,-0.62,1,0,0,1,0,0,1,0,1,0,1,0,1,0,1,0,0,1,0,1,0,1
401,ID12502,26,19563.80,3,-0.62,0,1,0,1,0,0,1,0,0,1,1,0,0,1,1,0,1,0,0,1,1,0
402,ID12503,48,38598.40,0,0.86,0,1,1,0,0,0,0,1,0,1,0,1,0,1,1,0,0,1,1,0,1,0
403,ID12504,35,20754.30,0,-0.52,0,1,1,0,0,0,1,0,1,0,1,0,1,0,1,0,1,0,0,1,0,1
404,ID12505,24,13864.60,3,-1.06,1,0,1,0,0,0,0,1,1,0,0,1,1,0,0,1,0,1,1,0,0,1
405,ID12506,47,36599.00,3,0.70,0,1,0,0,1,0,0,1,0,1,0,1,0,1,0,1,0,1,1,0,0,1
406,ID12507,52,45856.10,1,1.42,0,1,0,0,1,0,1,0,1,0,1,0,1,0,0,1,0,1,1,0,0,1
407,ID12508,31,22362.30,0,-0.40,0,1,0,0,1,0,1,0,1,0,1,0,1,0,0,1,0,1,1,0,0,1
408,ID12509,41,21984.00,1,-0.43,1,0,0,0,1,0,0,1,0,1,0,1,0,1,1,0,1,0,1,0,0,1
409,ID12510,23,11073.00,2,-1.28,0,1,0,0,1,0,0,1,1,0,0,1,1,0,0,1,1,0,1,0,1,0
410,ID12511,27,18158.50,1,-0.73,1,0,1,0,0,0,1,0,0,1,1,0,0,1,1,0,0,1,0,1,0,1
411,ID12512,22,7304.20,0,-1.57,0,1,1,0,0,0,1,0,0,1,1,0,0,1,0,1,0,1,0,1,1,0
412,ID12513,67,58092.00,2,2.37,1,0,1,0,0,0,1,0,0,1,1,0,0,1,0,1,0,1,1,0,0,1
413,ID12514,26,16518.60,0,-0.85,1,0,1,0,0,0,0,1,0,1,0,1,0,1,1,0,0,1,1,0,0,1
414,ID12515,58,46461.50,0,1.47,1,0,0,0,1,0,0,1,1,0,0,1,1,0,0,1,0,1,1,0,1,0
415,ID12516,27,20058.70,0,-0.58,0,1,0,1,0,0,0,1,1,0,0,1,1,0,0,1,0,1,0,1,1,0
416,ID12517,36,12533.20,1,-1.16,0,1,1,0,0,0,1,0,1,0,1,0,1,0,0,1,1,0,0,1,1,0
417,ID12518,31,22848.50,1,-0.36,0,1,0,1,0,0,0,1,0,1,0,1,0,1,1,0,1,0,1,0,0,1
418,ID12519,28,25699.40,2,-0.14,1,0,0,0,0,1,0,1,0,1,0,1,0,1,0,1,1,0,1,0,0,1
419,ID12520,57,21612.60,0,-0.46,0,1,0,0,0,1,0,1,1,0,0,1,1,0,0,1,0,1,0,1,1,0
420,ID12521,64,48950.90,0,1.66,0,1,1,0,0,0,0,1,0,1,0,1,0,1,0,1,0,1,0,1,1,0
421,ID12522,49,41438.00,1,1.08,0,1,1,0,0,0,1,0,1,0,1,0,1,0,0,1,1,0,1,0,0,1
422,ID12523,22,11411.00,1,-1.25,0,1,1,0,0,0,0,1,0,1,0,1,0,1,1,0,0,1,1,0,1,0
423,ID12524,58,43940.60,0,1.27,1,0,1,0,0,0,0,1,0,1,0,1,0,1,0,1,0,1,1,0,1,0
424,ID12525,20,17239.50,1,-0.80,0,1,0,0,0,1,1,0,0,1,1,0,0,1,1,0,0,1,1,0,0,1
425,ID12526,44,30488.70,0,0.23,1,0,0,1,0,0,0,1,1,0,0,1,1,0,0,1,0,1,1,0,1,0
426,ID12527,65,29866.30,3,0.18,1,0,0,0,0,1,0,1,1,0,0,1,1,0,0,1,1,0,1,0,1,0
427,ID12528,53,32184.40,2,0.36,1,0,1,0,0,0,0,1,0,1,0,1,0,1,1,0,1,0,1,0,0,1
428,ID12529,34,17308.70,1,-0.79,1,0,1,0,0,0,0,1,0,1,0,1,0,1,1,0,0,1,0,1,0,1
429,ID12530,35,27863.90,2,0.03,0,1,0,1,0,0,1,0,1,0,1,0,1,0,0,1,0,1,0,1,1,0
430,ID12531,48,28920.60,0,0.11,0,1,0,0,0,1,0,1,1,0,0,1,1,0,0,1,1,0,0,1,1,0
431,ID12532,64,58367.30,1,2.39,1,0,0,0,0,1,0,1,0,1,0,1,0,1,0,1,0,1,1,0,0,1
432,ID12533,46,16849.30,0,-0.83,0,1,0,0,0,1,1,0,0,1,1,0,0,1,0,1,0,1,0,1,1,0
433,ID12534,42,28138.50,0,0.05,1,0,0,1,0,0,0,1,1,0,0,1,1,0,1,0,0,1,0,1,0,1
434,ID12535,47,23038.20,0,-0.35,0,1,1,0,0,0,0,1,0,1,0,1,0,1,0,1,1,0,1,0,1,0
435,ID12536,23,11736.90,2,-1.22,0,1,0,0,0,1,1,0,0,1,1,0,0,1,0,1,0,1,0,1,1,0
436,ID12537,35,16479.50,0,-0.86,0,1,1,0,0,0,0,1,0,1,0,1,0,1,1,0,1,0,0,1,0,1
437,ID12538,64,31415.70,1,0.30,1,0,1,0,0,0,1,0,0,1,1,0,0,1,0,1,1,0,0,1,0,1
438,ID12539,18,12117.30,1,-1.19,1,0,0,0,1,0,0,1,1,0,0,1,1,0,1,0,0,1,1,0,1,0
439,ID12540,19,15417.10,1,-0.94,0,1,1,0,0,0,0,1,0,1,0,1,0,1,1,0,0,1,1,0,1,0
440,ID12541,40,29414.60,1,0.15,0,1,1,0,0,0,0,1,1,0,0,1,1,0,0,1,1,0,0,1,0,1
441,ID12542,47,44682.10,0,1.33,0,1,1,0,0,0,0,1,0,1,0,1,0,1,0,1,0,1,1,0,1,0
442,ID12543,43,36281.00,0,0.68,1,0,0,1,0,0,0,1,0,1,0,1,0,1,0,1,0,1,1,0,1,0
443,ID12544,38,33302.80,0,0.45,0,1,0,0,0,1,1,0,0,1,1,0,0,1,1,0,0,1,0,1,0,1
444,ID12545,21,15797.10,0,-0.91,1,0,0,1,0,0,0,1,1,0,0,1,1,0,0,1,0,1,1,0,0,1
445,ID12546,40,31864.80,0,0.34,0,1,0,1,0,0,0,1,0,1,0,1,0,1,0,1,0,1,1,0,1,0
446,ID12547,52,43719.50,0,1.26,1,0,0,0,0,1,0,1,1,0,0,1,1,0,0,1,0,1,1,0,1,0
447,ID12548,35,30799.50,2,0.25,1,0,0,0,0,1,0,1,1,0,0,1,1,0,1,0,0,1,1,0,0,1
448,ID12549,53,48971.60,3,1.66,0,1,0,1,0,0,0,1,0,1,0,1,0,1,0,1,1,0,1,0,0,1
449,ID12550,38,34061.40,0,0.51,1,0,0,1,0,0,1,0,0,1,1,0,0,1,0,1,0,1,1,0,0,1
450,ID12551,42,28938.60,3,0.11,0,1,1,0,0,0,0,1,0,1,0,1,0,1,1,0,1,0,1,0,1,0
451,ID12552,43,38540.00,0,0.85,0,1,0,0,0,1,1,0,0,1,1,0,0,1,0,1,1,0,0,1,1,0
452,ID12553,59,27045.10,0,-0.04,1,0,1,0,0,0,1,0,1,0,1,0,1,0,1,0,0,1,1,0,0,1
453,ID12554,59,51284.30,0,1.84,1,0,0,1,0,0,1,0,0,1,1,0,0,1,0,1,0,1,0,1,1,0
454,ID12555,24,16352.20,0,-0.87,0,1,1,0,0,0,1,0,1,0,1,0,1,0,0,1,0,1,0,1,1,0
455,ID12556,27,11866.40,0,-1.21,1,0,1,0,0,0,0,1,0,1,0,1,0,1,0,1,0,1,1,0,1,0
456,ID12557,32,13267.60,0,-1.11,1,0,0,0,0,1,0,1,0,1,0,1,0,1,0,1,0,1,0,1,1,0
457,ID12558,65,61554.60,0,2.64,1,0,1,0,0,0,0,1,1,0,0,1,1,0,0,1,0,1,1,0,1,0
458,ID12559,18,13700.20,1,-1.07,0,1,0,0,1,0,1,0,1,0,1,0,1,0,0,1,0,1,1,0,1,0
459,ID12560,66,46963.90,1,1.51,0,1,0,0,0,1,0,1,1,0,0,1,1,0,0,1,0,1,1,0,0,1
460,ID12561,41,23475.60,0,-0.31,0,1,1,0,0,0,0,1,0,1,0,1,0,1,1,0,0,1,0,1,0,1
461,ID12562,64,24554.10,0,-0.23,1,0,0,0,1,0,0,1,0,1,0,1,0,1,0,1,1,0,0,1,1,0
462,ID12563,23,18050.00,0,-0.73,1,0,1,0,0,0,0,1,0,1,0,1,0,1,1,0,0,1,0,1,0,1
463,ID12564,29,15237.60,2,-0.95,1,0,0,1,0,0,0,1,0,1,0,1,0,1,1,0,0,1,1,0,1,0
464,ID12565,28,20555.00,0,-0.54,0,1,0,0,0,1,1,0,0,1,1,0,0,1,0,1,0,1,1,0,0,1
465,ID12566,57,28421.70,2,0.07,1,0,0,0,0,1,0,1,0,1,0,1,0,1,0,1,0,1,0,1,1,0
466,ID12567,38,21876.50,0,-0.44,0,1,1,0,0,0,0,1,1,0,0,1,1,0,1,0,0,1,1,0,1,0
467,ID12568,34,12810.20,3,-1.14,1,0,0,0,1,0,1,0,1,0,1,0,1,0,0,1,0,1,1,0,0,1
468,ID12569,43,15109.40,0,-0.96,0,1,0,0,1,0,0,1,1,0,0,1,1,0,1,0,0,1,1,0,0,1
469,ID12570,63,37414.70,3,0.77,0,1,0,0,0,1,1,0,0,1,1,0,0,1,0,1,0,1,1,0,1,0
470,ID12571,62,41521.60,0,1.09,1,0,1,0,0,0,0,1,1,0,0,1,1,0,0,1,0,1,0,1,1,0
471,ID12572,51,25372.80,0,-0.17,1,0,1,0,0,0,0,1,0,1,0,1,0,1,0,1,0,1,1,0,1,0
472,ID12573,61,21139.80,2,-0.49,0,1,1,0,0,0,0,1,0,1,0,1,0,1,0,1,1,0,1,0,1,0
473,ID12574,41,27757.60,0,0.02,1,0,0,0,0,1,1,0,1,0,1,0,1,0,0,1,0,1,1,0,0,1
474,ID12575,31,22678.10,1,-0.38,1,0,0,0,0,1,1,0,0,1,1,0,0,1,0,1,0,1,0,1,0,1
475,ID12576,33,12178.50,2,-1.19,1,0,0,0,0,1,0,1,1,0,0,1,1,0,0,1,0,1,0,1,1,0
476,ID12577,43,26106.70,1,-0.11,0,1,0,1,0,0,1,0,1,0,1,0,1,0,1,0,0,1,1,0,0,1
477,ID12578,40,27417.60,0,-0.01,0,1,1,0,0,0,0,1,1,0,0,1,1,0,0,1,0,1,0,1,1,0
478,ID12579,47,23337.20,2,-0.32,0,1,0,0,0,1,0,1,1,0,0,1,1,0,0,1,0,1,0,1,1,0
479,ID12580,46,43395.50,1,1.23,0,1,0,0,0,1,1,0,0,1,1,0,0,1,0,1,0,1,1,0,0,1
480,ID12581,30,11536.20,2,-1.24,0,1,0,1,0,0,0,1,1,0,0,1,1,0,1,0,0,1,0,1,1,0
481,ID12582,47,44658.60,2,1.33,0,1,1,0,0,0,1,0,0,1,1,0,0,1,0,1,0,1,1,0,0,1
482,ID12583,44,32762.50,0,0.41,0,1,0,1,0,0,1,0,1,0,1,0,1,0,0,1,0,1,0,1,1,0
483,ID12584,23,16403.80,0,-0.86,0,1,0,1,0,0,0,1,0,1,0,1,0,1,0,1,1,0,1,0,1,0
484,ID12585,28,21184.70,1,-0.49,1,0,1,0,0,0,0,1,0,1,0,1,0,1,0,1,0,1,1,0,0,1
485,ID12586,64,49917.30,0,1.74,1,0,1,0,0,0,0,1,0,1,0,1,0,1,0,1,0,1,0,1,1,0
486,ID12587,35,21623.80,0,-0.46,1,0,0,0,0,1,0,1,1,0,0,1,1,0,0,1,1,0,0,1,1,0
487,ID12588,19,16625.90,1,-0.84,0,1,0,1,0,0,0,1,1,0,0,1,1,0,1,0,0,1,1,0,0,1
488,ID12589,27,14014.50,3,-1.05,1,0,0,0,0,1,0,1,1,0,0,1,1,0,0,1,1,0,1,0,1,0
489,ID12590,27,20409.30,2,-0.55,0,1,1,0,0,0,0,1,1,0,0,1,1,0,0,1,1,0,1,0,0,1
490,ID12591,58,31671.30,1,0.32,1,0,1,0,0,0,0,1,0,1,0,1,0,1,0,1,1,0,0,1,0,1
491,ID12592,46,17149.20,1,-0.80,1,0,0,0,0,1,1,0,0,1,1,0,0,1,0,1,0,1,1,0,0,1
492,ID12593,61,27756.30,0,0.02,1,0,0,0,0,1,0,1,0,1,0,1,0,1,0,1,1,0,0,1,0,1
493,ID12594,59,40949.90,0,1.04,0,1,1,0,0,0,1,0,1,0,1,0,1,0,0,1,0,1,1,0,0,1
494,ID12595,47,43743.20,3,1.26,1,0,0,1,0,0,0,1,1,0,0,1,1,0,0,1,0,1,1,0,1,0
495,ID12596,44,38459.90,0,0.85,0,1,1,0,0,0,0,1,1,0,0,1,1,0,1,0,1,0,0,1,0,1
496,ID12597,50,40972.90,2,1.04,0,1,0,0,0,1,1,0,0,1,1,0,0,1,0,1,0,1,0,1,0,1
497,ID12598,64,46587.90,0,1.48,0,1,1,0,0,0,1,0,1,0,1,0,1,0,0,1,0,1,1,0,0,1
498,ID12599,51,43799.60,0,1.26,1,0,0,0,0,1,1,0,1,0,1,0,1,0,0,1,0,1,0,1,1,0
499,ID12600,46,18912.20,0,-0.67,1,0,0,0,0,1,0,1,0,1,0,1,0,1,1,0,0,1,1,0,0,1
500,ID12601,39,27765.80,3,0.02,1,0,1,0,0,0,0,1,0,1,0,1,0,1,0,1,1,0,1,0,1,0
501,ID12602,58,33007.30,1,0.43,1,0,1,0,0,0,1,0,0,1,1,0,0,1,1,0,0,1,1,0,0,1
502,ID12603,32,26325.30,0,-0.09,1,0,0,0,0,1,0,1,0,1,0,1,0,1,1,0,1,0,1,0,1,0
503,ID12604,22,15308.20,0,-0.95,1,0,1,0,0,0,1,0,0,1,1,0,0,1,0,1,0,1,0,1,1,0
504,ID12605,63,59805.60,1,2.50,1,0,1,0,0,0,0,1,0,1,0,1,0,1,0,1,0,1,1,0,0,1
505,ID12606,35,28658.30,0,0.09,1,0,0,0,0,1,0,1,0,1,0,1,0,1,0,1,0,1,1,0,1,0
506,ID12607,59,23175.00,0,-0.34,1,0,1,0,0,0,0,1,1,0,0,1,1,0,1,0,1,0,0,1,0,1
507,ID12608,22,11595.40,0,-1.23,1,0,0,0,1,0,1,0,0,1,1,0,0,1,0,1,0,1,1,0,0,1
508,ID12609,60,50409.90,2,1.77,0,1,0,0,1,0,1,0,1,0,1,0,1,0,0,1,0,1,0,1,0,1
509,ID12610,23,11215.30,2,-1.26,1,0,0,1,0,0,0,1,0,1,0,1,0,1,0,1,0,1,1,0,0,1
510,ID12611,29,13327.80,0,-1.10,1,0,0,0,0,1,0,1,1,0,0,1,1,0,0,1,1,0,1,0,1,0
511,ID12612,44,16088.80,3,-0.89,0,1,1,0,0,0,0,1,1,0,0,1,1,0,0,1,0,1,1,0,1,0
512,ID12613,63,43943.00,0,1.27,1,0,0,0,0,1,0,1,0,1,0,1,0,1,0,1,0,1,0,1,1,0
513,ID12614,25,14505.30,3,-1.01,1,0,0,1,0,0,1,0,1,0,1,0,1,0,0,1,0,1,1,0,1,0
514,ID12615,37,33886.40,0,0.49,0,1,1,0,0,0,1,0,0,1,1,0,0,1,0,1,1,0,1,0,0,1
515,ID12616,48,16662.50,1,-0.84,1,0,1,0,0,0,0,1,1,0,0,1,1,0,0,1,0,1,1,0,0,1
516,ID12617,35,20262.60,0,-0.56,1,0,0,0,0,1,1,0,1,0,1,0,1,0,0,1,1,0,1,0,0,1
517,ID12618,51,33615.40,1,0.47,0,1,0,0,0,1,0,1,1,0,0,1,1,0,0,1,1,0,0,1,0,1
518,ID12619,27,22007.10,3,-0.43,1,0,0,0,0,1,1,0,1,0,1,0,1,0,1,0,0,1,1,0,1,0
519,ID12620,56,28981.10,3,0.11,1,0,1,0,0,0,0,1,0,1,0,1,0,1,0,1,0,1,0,1,1,0
520,ID12621,38,12163.90,2,-1.19,1,0,1,0,0,0,0,1,0,1,0,1,0,1,1,0,0,1,1,0,0,1
521,ID12622,36,17247.70,2,-0.80,1,0,0,0,0,1,0,1,0,1,0,1,0,1,0,1,0,1,1,0,1,0
522,ID12623,27,12683.60,3,-1.15,0,1,0,0,1,0,1,0,1,0,1,0,1,0,0,1,0,1,0,1,1,0
523,ID12624,34,16291.00,0,-0.87,1,0,0,0,0,1,0,1,0,1,0,1,0,1,0,1,1,0,0,1,1,0
524,ID12625,44,18707.30,0,-0.68,0,1,0,0,1,0,0,1,0,1,0,1,0,1,0,1,0,1,0,1,0,1
525,ID12626,43,19326.90,1,-0.64,1,0,1,0,0,0,0,1,1,0,0,1,1,0,1,0,0,1,1,0,0,1
526,ID12627,32,14511.80,2,-1.01,0,1,1,0,0,0,1,0,1,0,1,0,1,0,0,1,1,0,0,1,1,0
527,ID12628,21,10672.00,1,-1.31,1,0,0,0,0,1,1,0,1,0,1,0,1,0,0,1,0,1,0,1,1,0
528,ID12629,30,25830.50,2,-0.13,1,0,1,0,0,0,0,1,1,0,0,1,1,0,1,0,0,1,1,0,1,0
529,ID12630,55,43499.50,1,1.24,0,1,0,1,0,0,0,1,0,1,0,1,0,1,0,1,0,1,1,0,1,0
530,ID12631,64,59175.10,1,2.45,0,1,0,0,1,0,0,1,1,0,0,1,1,0,0,1,0,1,1,0,0,1
531,ID12632,36,27642.90,1,0.01,1,0,1,0,0,0,1,0,0,1,1,0,0,1,1,0,1,0,1,0,0,1
532,ID12633,59,30067.50,1,0.20,0,1,1,0,0,0,1,0,1,0,1,0,1,0,0,1,0,1,1,0,0,1
533,ID12634,60,29714.40,0,0.17,0,1,1,0,0,0,0,1,0,1,0,1,0,1,1,0,0,1,0,1,0,1
534,ID12635,27,13950.40,1,-1.05,1,0,0,0,0,1,1,0,0,1,1,0,0,1,0,1,0,1,0,1,1,0
535,ID12636,29,10072.60,0,-1.35,0,1,1,0,0,0,0,1,1,0,0,1,1,0,1,0,0,1,1,0,1,0
536,ID12637,53,37850.60,1,0.80,1,0,1,0,0,0,1,0,1,0,1,0,1,0,0,1,0,1,1,0,0,1
537,ID12638,61,57176.40,2,2.30,1,0,0,1,0,0,1,0,1,0,1,0,1,0,0,1,0,1,1,0,0,1
538,ID12639,43,38784.00,0,0.87,1,0,1,0,0,0,0,1,1,0,0,1,1,0,0,1,0,1,1,0,1,0
539,ID12640,19,10191.80,0,-1.34,0,1,1,0,0,0,0,1,1,0,0,1,1,0,0,1,0,1,0,1,0,1
540,ID12641,48,21821.40,1,-0.44,1,0,1,0,0,0,0,1,0,1,0,1,0,1,0,1,1,0,0,1,0,1
541,ID12642,39,37389.00,2,0.76,0,1,0,1,0,0,0,1,1,0,0,1,1,0,0,1,0,1,1,0,0,1
542,ID12643,32,14627.90,2,-1.00,0,1,1,0,0,0,0,1,0,1,0,1,0,1,0,1,0,1,1,0,1,0
543,ID12644,63,48770.50,1,1.65,0,1,0,0,1,0,0,1,0,1,0,1,0,1,0,1,1,0,0,1,0,1
544,ID12645,46,21096.20,1,-0.50,0,1,0,1,0,0,0,1,0,1,0,1,0,1,0,1,0,1,1,0,0,1
545,ID12646,40,36256.90,0,0.68,0,1,1,0,0,0,1,0,1,0,1,0,1,0,1,0,0,1,0,1,0,1
546,ID12647,27,15281.80,0,-0.95,1,0,1,0,0,0,1,0,0,1,1,0,0,1,1,0,1,0,0,1,0,1
547,ID12648,22,9316.98,2,-1.41,0,1,0,0,1,0,0,1,0,1,0,1,0,1,0,1,0,1,1,0,1,0
548,ID12649,42,20736.20,1,-0.53,0,1,0,1,0,0,0,1,0,1,0,1,0,1,0,1,0,1,1,0,0,1
549,ID12650,58,52662.50,1,1.95,1,0,0,0,0,1,0,1,0,1,0,1,0,1,0,1,0,1,0,1,0,1
550,ID12651,23,8020.19,1,-1.51,1,0,1,0,0,0,0,1,0,1,0,1,0,1,1,0,0,1,1,0,1,0
551,ID12652,58,32245.40,3,0.37,0,1,0,0,1,0,0,1,1,0,0,1,1,0,1,0,1,0,1,0,1,0
552,ID12653,45,41107.20,2,1.05,0,1,1,0,0,0,0,1,0,1,0,1,0,1,0,1,0,1,1,0,1,0
553,ID12654,49,39358.30,0,0.92,1,0,0,0,1,0,0,1,0,1,0,1,0,1,1,0,1,0,0,1,1,0
554,ID12655,67,36095.90,3,0.66,1,0,1,0,0,0,0,1,0,1,0,1,0,1,0,1,0,1,1,0,1,0
555,ID12656,20,7723.93,2,-1.53,1,0,0,0,0,1,0,1,0,1,0,1,0,1,0,1,0,1,1,0,1,0
556,ID12657,43,18565.80,1,-0.69,1,0,0,1,0,0,0,1,0,1,0,1,0,1,0,1,0,1,0,1,0,1
557,ID12658,41,25132.90,0,-0.19,0,1,0,1,0,0,0,1,1,0,0,1,1,0,1,0,0,1,1,0,1,0
558,ID12659,38,31290.60,0,0.29,1,0,0,0,1,0,0,1,1,0,0,1,1,0,0,1,0,1,1,0,1,0
559,ID12660,67,24858.40,0,-0.21,1,0,0,0,1,0,0,1,1,0,0,1,1,0,1,0,0,1,0,1,0,1
560,ID12661,40,16398.80,1,-0.86,0,1,1,0,0,0,1,0,1,0,1,0,1,0,0,1,0,1,1,0,0,1
561,ID12662,25,23287.90,0,-0.33,1,0,0,0,1,0,1,0,1,0,1,0,1,0,1,0,0,1,0,1,0,1
562,ID12663,57,50897.60,0,1.81,1,0,0,1,0,0,0,1,1,0,0,1,1,0,0,1,0,1,1,0,1,0
563,ID12664,32,22446.50,1,-0.39,1,0,1,0,0,0,1,0,1,0,1,0,1,0,1,0,0,1,0,1,0,1
564,ID12665,44,23092.10,0,-0.34,0,1,0,0,1,0,0,1,0,1,0,1,0,1,1,0,0,1,0,1,0,1
565,ID12666,30,24867.60,0,-0.21,0,1,0,0,0,1,0,1,0,1,0,1,0,1,0,1,1,0,1,0,1,0
566,ID12667,43,22234.70,0,-0.41,0,1,0,0,0,1,0,1,1,0,0,1,1,0,1,0,0,1,0,1,1,0
567,ID12668,19,17371.10,2,-0.79,1,0,1,0,0,0,0,1,0,1,0,1,0,1,0,1,0,1,1,0,1,0
568,ID12669,37,29574.00,0,0.16,1,0,0,0,0,1,0,1,0,1,0,1,0,1,0,1,0,1,1,0,1,0
569,ID12670,49,17944.20,1,-0.74,0,1,1,0,0,0,1,0,0,1,1,0,0,1,0,1,0,1,0,1,0,1
570,ID12671,49,33665.50,3,0.48,1,0,0,1,0,0,1,0,0,1,1,0,0,1,1,0,0,1,1,0,1,0
571,ID12672,40,36166.20,0,0.67,0,1,1,0,0,0,0,1,1,0,0,1,1,0,1,0,1,0,1,0,1,0
572,ID12673,33,27712.90,2,0.01,1,0,0,0,1,0,1,0,1,0,1,0,1,0,0,1,0,1,1,0,0,1
573,ID12674,39,22400.70,2,-0.40,0,1,0,0,0,1,0,1,0,1,0,1,0,1,0,1,0,1,1,0,1,0
574,ID12675,43,28469.90,0,0.07,1,0,1,0,0,0,0,1,0,1,0,1,0,1,0,1,0,1,1,0,1,0
575,ID12676,37,30488.00,0,0.23,0,1,0,0,0,1,0,1,1,0,0,1,1,0,0,1,0,1,0,1,1,0
576,ID12677,24,19160.30,1,-0.65,1,0,0,0,0,1,0,1,0,1,0,1,0,1,0,1,0,1,1,0,0,1
577,ID12678,62,45342.50,0,1.38,0,1,0,0,0,1,0,1,0,1,0,1,0,1,0,1,1,0,1,0,0,1
578,ID12679,18,6294.21,0,-1.65,0,1,1,0,0,0,1,0,1,0,1,0,1,0,0,1,0,1,0,1,1,0
579,ID12680,47,25127.70,0,-0.19,1,0,0,0,0,1,0,1,0,1,0,1,0,1,1,0,1,0,1,0,1,0
580,ID12681,63,51879.30,2,1.89,0,1,0,0,1,0,0,1,0,1,0,1,0,1,0,1,1,0,0,1,0,1
581,ID12682,20,12644.90,2,-1.15,0,1,0,0,0,1,0,1,0,1,0,1,0,1,1,0,0,1,0,1,1,0
582,ID12683,46,21984.40,3,-0.43,1,0,0,0,0,1,1,0,1,0,1,0,1,0,0,1,1,0,1,0,1,0
583,ID12684,47,29093.10,2,0.12,1,0,0,1,0,0,1,0,0,1,1,0,0,1,0,1,0,1,1,0,1,0
584,ID12685,33,23528.40,1,-0.31,0,1,0,0,0,1,0,1,1,0,0,1,1,0,0,1,0,1,0,1,0,1
585,ID12686,20,9516.91,3,-1.40,0,1,0,0,0,1,1,0,0,1,1,0,0,1,0,1,0,1,1,0,1,0
586,ID12687,20,18364.90,1,-0.71,0,1,1,0,0,0,0,1,1,0,0,1,1,0,1,0,0,1,1,0,0,1
587,ID12688,43,31273.80,1,0.29,1,0,0,0,0,1,1,0,0,1,1,0,0,1,0,1,1,0,1,0,0,1
588,ID12689,58,49673.60,0,1.72,0,1,0,1,0,0,0,1,1,0,0,1,1,0,0,1,0,1,1,0,1,0
589,ID12690,29,12623.40,1,-1.16,0,1,0,0,1,0,0,1,0,1,0,1,0,1,0,1,0,1,1,0,1,0
590,ID12691,25,23818.60,0,-0.29,0,1,1,0,0,0,0,1,1,0,0,1,1,0,1,0,1,0,1,0,1,0
591,ID12692,40,31473.90,2,0.31,1,0,1,0,0,0,1,0,1,0,1,0,1,0,0,1,0,1,0,1,0,1
592,ID12693,48,20268.00,0,-0.56,0,1,0,0,0,1,0,1,1,0,0,1,1,0,0,1,0,1,1,0,1,0
593,ID12694,65,51417.00,2,1.85,0,1,0,0,1,0,0,1,1,0,0,1,1,0,0,1,0,1,1,0,0,1
594,ID12695,59,30971.80,3,0.27,1,0,0,1,0,0,0,1,0,1,0,1,0,1,0,1,0,1,0,1,1,0
595,ID12696,61,47025.00,2,1.51,1,0,1,0,0,0,1,0,0,1,1,0,0,1,0,1,0,1,0,1,1,0
596,ID12697,30,9672.25,0,-1.38,1,0,1,0,0,0,0,1,0,1,0,1,0,1,0,1,0,1,1,0,1,0
597,ID12698,31,15976.30,0,-0.90,1,0,0,0,0,1,0,1,0,1,0,1,0,1,0,1,1,0,1,0,0,1
598,ID12699,29,14711.80,0,-0.99,0,1,1,0,0,0,0,1,1,0,0,1,1,0,0,1,1,0,0,1,1,0
599,ID12700,38,26671.60,0,-0.07,0,1,0,0,0,1,1,0,0,1,1,0,0,1,1,0,0,1,0,1,0,1
